{
    "epoch": 1.0,
    "eval_accuracy": 0.8497109826589595,
    "eval_loss": 0.11257104575634003,
    "eval_runtime": 6.4855,
    "eval_samples_per_second": 26.675,
    "eval_steps_per_second": 6.784
}